{"_step":0,"_wandb":{"runtime":1},"test_average_reward":-63.42811607003333,"_timestamp":1.75034429428266e+09,"_runtime":1.464547}