{"_timestamp":1.7516544492139468e+09,"_runtime":0.716694,"_step":0,"_wandb":{"runtime":0},"test_average_reward":-120.84520796271333}