{"_step":0,"test_average_reward":-64.10045989131001,"_timestamp":1.752360146943825e+09,"_runtime":0.682198,"_wandb":{"runtime":0}}