{"_wandb":{"runtime":0},"test_average_reward":-70.01091145737333,"_timestamp":1.75165764681544e+09,"_runtime":0.75612,"_step":0}