{"_timestamp":1.752280327179392e+09,"_runtime":0.838644,"_step":0,"_wandb":{"runtime":0},"test_average_reward":-69.32956907109666}