{"agent2_wins":20,"_timestamp":1.750885879299885e+09,"_runtime":81.014245,"_step":10,"difficulty":1,"_wandb":{"runtime":233},"agent1_wins":0}