{"test_average_reward":-59.30602972543667,"_timestamp":1.750340775277358e+09,"_runtime":0.957669,"_step":0,"_wandb":{"runtime":0}}