{"_step":0,"_wandb":{"runtime":1},"test_average_reward":-70.35285515159666,"_timestamp":1.75033486526213e+09,"_runtime":1.620703}