{"_timestamp":1.752371168638604e+09,"_runtime":0.688233,"_step":0,"_wandb":{"runtime":0},"test_average_reward":-67.62372584195333}