{"_wandb":{"runtime":0},"test_average_reward":-124.86434386291667,"_timestamp":1.750297594651047e+09,"_runtime":0.68831,"_step":0}