{"_runtime":1.0085902,"_step":0,"_wandb":{"runtime":1},"test_average_reward":-69.03344169921999,"_timestamp":1.7513963755258074e+09}