{"_step":0,"test_average_reward":-67.81367808335668,"_wandb":{"runtime":0},"_timestamp":1.752342867997959e+09,"_runtime":0.672537}