{"_runtime":0.779967,"_step":0,"_wandb":{"runtime":0},"test_average_reward":-59.32892501772,"_timestamp":1.752459705575974e+09}