{"_step":0,"test_average_reward":-67.83602368126334,"_wandb":{"runtime":0},"_timestamp":1.7514050720607164e+09,"_runtime":0.9681264}