{"_timestamp":1.750296310517803e+09,"_runtime":0.789205,"_step":0,"_wandb":{"runtime":0},"test_average_reward":-86.56009507531999}