{"_timestamp":1.750710827533299e+09,"_runtime":2.43055,"_step":0,"_wandb":{"runtime":2},"test_average_reward":-60.558318448466665}