{"_wandb":{"runtime":0},"test_average_reward":-69.89699595209333,"_timestamp":1.750395318714535e+09,"_runtime":0.800526,"_step":0}