{"test_average_reward":-58.540459195366665,"_timestamp":1.751677614633394e+09,"_runtime":0.839678,"_step":0,"_wandb":{"runtime":0}}