{"_wandb":{"runtime":0},"test_average_reward":-67.04953857579332,"_timestamp":1.75165259332448e+09,"_runtime":0.656367,"_step":0}