{"_timestamp":1.7513914215703053e+09,"_runtime":0.914778,"_wandb":{"runtime":0},"_step":0,"test_average_reward":-63.525014996803336}