{"_runtime":31.9729424,"_step":3,"difficulty":0.3,"agent1_wins":2,"agent2_wins":18,"_wandb":{"runtime":34},"_timestamp":1.752268934517605e+09}