{"_timestamp":1.7503318166722739e+09,"_runtime":1.241148,"_step":0,"_wandb":{"runtime":1},"test_average_reward":-126.17167471524334}