{"_step":0,"_wandb":{"runtime":2},"test_average_reward":-60.41882658033666,"_timestamp":1.7521973578032339e+09,"_runtime":2.0952017}