{"test_average_reward":-60.0836814978,"_wandb":{"runtime":0},"_timestamp":1.751643503338639e+09,"_runtime":0.874104,"_step":0}