{"_timestamp":1.750361061330786e+09,"_runtime":0.731239,"_step":0,"_wandb":{"runtime":0},"test_average_reward":-67.99195118141334}