{"_wandb":{"runtime":0},"_step":0,"test_average_reward":-75.11218801416666,"_timestamp":1.7523491433665652e+09,"_runtime":0.684396}