{"difficulty":1,"agent1_wins":20,"agent2_wins":0,"_timestamp":1.7523649628869603e+09,"_runtime":8441.3085427,"_step":10,"_wandb":{"runtime":15988}}