{"_runtime":2.109325,"_step":0,"_wandb":{"runtime":2},"test_average_reward":-60.08760069899833,"_timestamp":1.751334084726762e+09}