{"_timestamp":1.751654308281748e+09,"_wandb":{"runtime":0},"_runtime":0.742592,"_step":0,"test_average_reward":-120.23669904}