{"_runtime":0.678285,"_step":0,"test_average_reward":-69.05480591940334,"_timestamp":1.7516495318455412e+09,"_wandb":{"runtime":0}}