{"_timestamp":1.752351182599966e+09,"_runtime":0.699151,"_step":0,"_wandb":{"runtime":0},"test_average_reward":-73.11671667972999}